City_ID,City,Lat,Lng,Max Temp,Humidity,Cloudiness,Wind Speed,Country,Date
0,bethel,41.3712,-73.414,-2.66,63,100,0.89,US,1739629267
1,gokwe,-18.2048,28.9349,26.19,62,100,0.82,ZW,1739629268
2,kuraymah,18.55,31.85,28.51,8,2,6.07,SD,1739629270
3,jamestown,-15.9387,-5.7168,21.22,77,65,6.99,SH,1739629036
4,kodiak,57.79,-152.4072,2.73,93,100,2.06,US,1739629272
5,margate,-30.8636,30.3705,22.8,81,100,2.63,ZA,1739629243
6,metlili chaamba,32.2667,3.6333,22.52,17,0,4.63,DZ,1739629274
7,nadym,65.5333,72.5167,-29.59,100,52,1.25,RU,1739629275
8,al mijlad,11.0333,27.7333,38.03,14,35,3.65,SD,1739629276
9,ushuaia,-54.8,-68.3,6.81,81,75,7.2,AR,1739629277
10,kapa'a,22.0752,-159.319,20.18,94,40,3.09,US,1739629279
11,nova sintra,14.8667,-24.7167,21.13,74,100,11.38,CV,1739629280
12,bilibino,68.0546,166.4372,-20.32,66,0,4.06,RU,1739629282
13,atafu village,-8.5421,-172.5159,28.05,69,38,4.58,TK,1739629283
14,port-aux-francais,-49.35,70.2167,8.93,96,100,20.17,TF,1739629284
15,flying fish cove,-10.4217,105.6791,24.82,88,72,1.54,CX,1739629285
16,hermanus,-34.4187,19.2345,29.89,61,0,8.27,ZA,1739629286
17,mount isa,-20.7333,139.5,21.87,78,36,1.54,AU,1739629287
18,muroto-misakicho,33.2833,134.15,12.36,62,100,3.05,JP,1739629288
19,adamstown,-25.066,-130.1015,25.37,80,74,5.08,PN,1739629290
20,grytviken,-54.2811,-36.5092,2.83,63,59,1.21,GS,1739629291
21,luderitz,-26.6481,15.1594,23.21,60,3,9.53,NA,1739629292
22,cardigan,52.0847,-4.6591,7.72,95,100,3.41,GB,1739629293
23,edinburgh of the seven seas,-37.0676,-12.3116,18.84,86,78,3.03,SH,1739629294
24,hamilton,32.2915,-64.778,15.02,69,75,3.6,BM,1739629173
25,blackmans bay,-43.0167,147.3167,10.07,78,74,1.34,AU,1739629296
26,chibougamau,49.9168,-74.3659,-26.21,76,0,0.0,CA,1739629297
27,margaret river,-33.95,115.0667,17.63,77,0,3.71,AU,1739629299
28,alzamay,55.5562,98.6644,-20.13,100,100,1.44,RU,1739629300
29,arauquita,7.0292,-71.4281,27.14,46,100,1.5,CO,1739629301
30,ilulissat,69.2167,-51.1,-0.99,37,20,13.89,GL,1739629302
31,shakhtersk,49.1667,142.1333,-10.54,70,98,6.63,RU,1739629303
32,puerto aysen,-45.4,-72.7,10.66,94,99,2.27,CL,1739629304
33,puerto natales,-51.7236,-72.4875,12.25,50,75,1.54,CL,1739629305
34,red wing,44.5625,-92.5338,-5.95,82,100,0.0,US,1739629164
35,stanley,-51.7,-57.85,10.86,93,75,9.26,FK,1739629146
36,sabang,5.8933,95.3214,27.81,73,100,3.76,ID,1739629033
37,conde,-7.2597,-34.9075,30.7,62,75,5.14,BR,1739629310
38,avarua,-21.2078,-159.775,25.03,94,100,3.6,CK,1739629311
39,sheksna,59.21,38.5107,-8.02,89,100,3.06,RU,1739629312
40,lebu,-37.6167,-73.65,15.72,70,77,4.32,CL,1739629313
41,corning,42.1428,-77.0547,-2.98,60,100,1.54,US,1739629314
42,tanhuato de guerrero,20.2833,-102.3333,11.97,70,9,0.32,MX,1739629316
43,tazovsky,67.4667,78.7,-33.44,100,55,1.02,RU,1739629317
44,nieuw amsterdam,5.8833,-55.0833,29.01,65,40,4.12,SR,1739629318
45,uturoa,-16.7333,-151.4333,27.71,68,16,1.16,PF,1739629319
46,saipan,15.1355,145.701,27.39,70,40,6.17,MP,1739629320
47,elverum,60.8819,11.5623,-6.35,77,0,3.22,NO,1739629321
48,glace bay,46.1969,-59.957,-9.01,73,75,13.89,CA,1739629322
49,geraldton,-28.7667,114.6,25.23,61,0,7.2,AU,1739629323
50,constantia,-34.0314,18.4183,23.77,71,0,3.58,ZA,1739629325
51,chul'man,56.8479,124.9104,-28.05,100,100,0.61,RU,1739629326
52,beloyarskiy,63.7119,66.6722,-20.74,96,100,2.61,RU,1739629327
53,utrik,11.2278,169.8474,25.99,69,100,4.81,MH,1739629328
54,kingston,-29.0546,167.9663,21.23,83,40,4.12,NF,1739629329
55,prado,-17.3411,-39.2208,29.11,63,15,5.02,BR,1739629330
56,novaya igirma,57.1334,103.9112,-14.56,95,99,2.31,RU,1739629331
57,georgetown,-7.9333,-14.4167,26.52,78,92,6.14,SH,1739629333
58,tindouf,27.6711,-8.1474,25.25,13,52,6.17,DZ,1739629334
59,kayes,14.0,-11.0,37.66,10,5,3.22,ML,1739629335
60,saint-pierre,46.7654,-56.1695,-5.02,86,100,24.69,PM,1739629336
61,talnakh,69.4865,88.3972,-27.64,98,99,2.62,RU,1739629337
62,kismayo,-0.3582,42.5454,26.42,75,88,8.49,SO,1739629338
63,macas,-2.3167,-78.1167,22.86,73,75,2.06,EC,1739629340
64,waitangi,-43.9535,-176.5597,14.9,97,8,1.34,NZ,1739629341
65,christchurch,-43.5333,172.6333,18.84,86,100,5.14,NZ,1739629342
66,gaiman,-43.2897,-65.4929,25.11,23,0,6.51,AR,1739629257
67,kolodeznyy,51.3333,39.1833,-5.09,86,100,6.44,RU,1739629344
68,katsuren-haebaru,26.3369,127.8719,20.22,91,75,4.63,JP,1739629345
69,nyurba,63.2842,118.3319,-27.16,100,96,0.66,RU,1739629347
70,kuhdasht,33.535,47.6061,10.35,29,0,2.16,IR,1739629348
71,salta,-24.7859,-65.4117,28.1,61,20,1.54,AR,1739629135
72,selfoss,63.9331,-20.9971,0.02,66,91,4.75,IS,1739629350
73,kotdwara,29.75,78.5333,17.64,43,3,3.07,IN,1739629351
74,magadan,59.5667,150.8,-7.36,74,100,6.32,RU,1739629352
75,puerto ayora,-0.7393,-90.3518,26.42,93,66,0.89,EC,1739629353
76,sao joao da barra,-21.6403,-41.0511,34.05,81,9,4.38,BR,1739629355
77,juegang,32.3174,121.1855,5.75,90,7,3.27,CN,1739629275
78,hawaiian paradise park,19.5933,-154.9731,20.5,99,100,3.6,US,1739629357
79,rongelap,11.1635,166.8941,26.53,68,80,4.86,MH,1739629358
80,haiku-pauwela,20.9219,-156.3051,21.25,80,1,5.81,US,1739629359
81,cam ranh,11.9214,109.1591,24.98,78,20,3.09,VN,1739629154
82,harper,4.375,-7.7169,29.22,72,38,2.45,LR,1739629361
83,nagtipunan,16.2167,121.6,19.64,99,40,1.47,PH,1739629362
84,yellowknife,62.456,-114.3525,-22.71,70,75,4.63,CA,1739629364
85,albany,-35.0169,117.8917,17.68,86,0,6.32,AU,1739629365
86,bikenibeu village,1.3673,173.1241,26.98,89,20,3.6,KI,1739629366
87,weihai,37.5017,122.1136,2.35,80,14,4.86,CN,1739629367
88,hatillo,18.4863,-66.8254,25.62,77,18,2.68,PR,1739629368
89,saint-mandrier-sur-mer,43.078,5.929,15.11,56,0,5.14,FR,1739629369
90,panjab,34.388,67.0233,-9.46,100,100,1.75,AF,1739629370
91,lloydminster,53.2835,-110.0016,-25.88,84,75,3.09,CA,1739629335
92,invercargill,-46.4,168.35,14.45,98,13,1.85,NZ,1739629373
93,aasiaat,68.7098,-52.8699,-6.11,71,10,8.94,GL,1739629374
94,rutana,-3.8667,30.1,19.08,82,100,1.43,BI,1739629375
95,port mathurin,-19.6833,63.4167,27.82,76,67,4.09,MU,1739629376
96,port alfred,-33.5906,26.891,25.66,75,0,0.89,ZA,1739629377
97,ta`u,-14.2336,-169.5144,27.87,79,100,4.18,AS,1739629378
98,port elizabeth,-33.918,25.5701,24.06,80,0,5.36,ZA,1739629379
99,nuuk,64.1835,-51.7216,5.34,28,75,11.32,GL,1739629381
100,udachny,66.4167,112.4,-33.6,100,86,0.94,RU,1739629382
101,san miguel,-27.9959,-57.5896,36.17,37,65,5.04,AR,1739629383
102,gornopravdinsk,60.05,69.9,-13.56,94,99,3.24,RU,1739629384
103,papatowai,-46.5619,169.4708,15.14,86,2,1.25,NZ,1739629385
104,botro,7.8525,-5.3106,38.28,20,50,2.56,CI,1739629387
105,zhijiang,30.4214,111.7533,10.33,52,5,2.42,CN,1739629388
106,olonkinbyen,70.9221,-8.7187,-3.16,76,58,2.81,SJ,1739629389
107,buta,2.7858,24.73,35.4,30,100,1.59,CD,1739629140
108,altay,47.8667,88.1167,-13.11,72,0,3.48,CN,1739629391
109,andergrove,-21.0833,149.1833,27.18,94,100,4.83,AU,1739629392
110,ust-nera,64.5667,143.2,-22.14,99,100,1.39,RU,1739629393
111,ledec nad sazavou,49.6952,15.2777,-0.82,58,100,2.2,CZ,1739629395
112,al kharijah,25.4514,30.5464,23.85,10,0,2.83,EG,1739629396
113,port sudan,19.6175,37.2164,24.54,73,1,4.26,SD,1739629397
114,luganville,-15.5333,167.1667,25.86,86,99,2.5,VU,1739629398
115,isafjordur,66.0755,-23.124,0.02,69,0,1.03,IS,1739629399
116,jutai,-5.1833,-68.9,23.6,90,100,1.31,BR,1739629400
117,estacion bamoa,25.7081,-108.3115,13.71,50,64,1.23,MX,1739629401
118,paraiso,9.8383,-83.8656,20.84,75,84,2.6,CR,1739629322
119,fort bragg,35.139,-79.006,5.75,66,100,3.09,US,1739629404
120,tura,64.2833,100.25,-21.41,100,100,1.05,RU,1739629405
121,troitsko-pechorsk,62.7084,56.1964,-16.27,95,100,3.45,RU,1739629406
122,morogoro,-6.8167,37.6667,31.96,44,89,1.41,TZ,1739629407
123,keflavik,64.0049,-22.5624,4.24,60,0,10.8,IS,1739629408
124,nyamira,-0.5666,34.9357,18.46,67,99,1.48,KE,1739629409
125,mount gambier,-37.8333,140.7667,13.51,42,97,4.85,AU,1739629410
126,yuzhno-kurilsk,44.0306,145.8556,-3.41,65,85,9.04,RU,1739629411
127,ancud,-41.8697,-73.8203,12.87,76,70,0.95,CL,1739629167
128,petropavlovsk-kamchatsky,53.0452,158.6483,2.33,44,75,6.0,RU,1739629414
129,mata-utu,-13.2816,-176.1745,28.35,77,100,7.1,WF,1739629415
130,thompson,55.7435,-97.8558,-29.91,76,75,1.03,CA,1739629416
131,solnechnyy,50.7214,136.6319,-19.17,93,0,2.1,RU,1739629417
132,muang phonsavan,19.45,103.2167,16.61,56,0,1.01,LA,1739629419
133,sitka,57.0531,-135.33,2.94,48,75,9.26,US,1739629420
134,arkhangel'sk,64.5401,40.5433,-14.94,85,20,2.0,RU,1739629227
135,tiksi,71.6872,128.8694,-26.56,98,93,2.73,RU,1739629422
136,anadyr,64.75,177.4833,-22.72,77,0,1.0,RU,1739629423
137,ishigaki,24.3448,124.1572,21.07,100,75,1.03,JP,1739629174
138,flin flon,54.7682,-101.865,-29.09,69,20,4.12,CA,1739629425
139,bredasdorp,-34.5322,20.0403,26.01,49,0,5.68,ZA,1739629426
140,acarau,-2.8856,-40.12,30.13,61,57,5.94,BR,1739629428
141,meadow lakes,61.6247,-149.6011,-5.42,71,0,2.06,US,1739629429
142,dean funes,-30.4204,-64.3498,23.79,82,82,5.31,AR,1739629353
143,urla,38.3229,26.764,12.91,76,98,4.58,TR,1739629206
144,tromso,69.6496,18.957,-0.99,93,75,1.54,NO,1739629432
145,gunjur,13.2019,-16.7339,29.04,34,50,3.6,GM,1739629433
146,badger,64.8,-147.5333,-18.86,80,20,1.54,US,1739629434
147,senj,44.9894,14.9058,4.05,60,30,8.54,HR,1739629436
148,sur,22.5667,59.5289,27.31,43,5,2.48,OM,1739629437
149,puerto baquerizo moreno,-0.9,-89.6,26.55,83,75,3.6,EC,1739629438
150,alotau,-10.3069,150.4462,24.48,93,100,0.67,PG,1739629439
151,lompoc,34.6391,-120.4579,8.96,72,0,2.24,US,1739629393
152,masaya sur,16.497,121.7456,22.33,92,18,1.14,PH,1739629442
153,mazyr,52.0495,29.2456,-5.3,79,100,3.22,BY,1739629443
154,broome,-17.9667,122.2333,28.97,74,75,5.14,AU,1739629444
155,le moule,16.3332,-61.3473,28.02,65,0,9.06,GP,1739629445
156,vernon,50.2581,-119.2691,-9.03,81,85,1.34,CA,1739629447
157,colonia,9.5164,138.1217,27.18,83,75,4.63,FM,1739629448
158,belo sur tsiribihina,-19.7,44.55,27.89,85,99,2.58,MG,1739629449
159,east london,-33.0153,27.9116,24.16,64,0,4.03,ZA,1739629214
160,ebon,4.582,168.6964,26.95,81,86,5.1,MH,1739629451
161,maryborough,-25.5333,152.7,23.25,98,95,1.26,AU,1739629452
162,egilsstadir,65.2653,-14.3948,-0.05,80,75,2.06,IS,1739629453
163,san patricio,19.2167,-104.7,21.06,88,75,3.09,MX,1739629455
164,kruisfontein,-34.0033,24.7314,24.65,49,0,5.24,ZA,1739629456
165,culebra,18.303,-65.301,25.98,71,25,10.66,PR,1739629168
166,west island,-12.1568,96.8225,26.99,89,99,2.06,CC,1739629458
167,hobyo,5.3505,48.5268,26.3,64,89,7.41,SO,1739629459
168,mili,6.0815,171.735,26.7,82,91,4.81,MH,1739629460
169,caleta de carquin,-11.0925,-77.6267,23.91,81,49,3.2,PE,1739629461
170,taroa,8.7058,171.2275,26.47,78,100,4.96,MH,1739629462
171,selkirk,50.1436,-96.8845,-23.95,96,100,2.84,CA,1739629463
172,beyla,8.6833,-8.6333,31.22,41,98,0.97,GN,1739629465
173,iqaluit,63.7506,-68.5145,-20.15,70,100,10.8,CA,1739629466
174,punta arenas,-53.15,-70.9167,12.06,58,20,15.95,CL,1739629279
175,mathis,28.0945,-97.828,10.2,92,100,2.12,US,1739629468
176,tataouine,32.9297,10.4518,18.59,35,0,8.86,TN,1739629469
177,severo-yeniseyskiy,60.3725,93.0408,-28.2,100,86,1.78,RU,1739629280
178,bela,26.2271,66.3111,27.12,37,0,6.75,PK,1739629471
179,hotan,37.0997,79.9269,-0.16,36,51,2.77,CN,1739629473
180,katsuyama,36.0617,136.501,4.64,79,99,2.63,JP,1739629474
181,lazaro cardenas,17.9583,-102.2,22.58,91,44,2.15,MX,1739629475
182,las heras,-46.5419,-68.9359,18.08,32,65,7.82,AR,1739629476
183,hithadhoo,-0.6,73.0833,27.73,66,16,6.31,MV,1739629477
184,ponta delgada,37.7333,-25.6667,15.4,67,75,8.75,PT,1739629478
185,ribeira grande,17.1856,-25.0724,17.42,66,64,5.43,CV,1739629479
186,college,64.8569,-147.8028,-19.01,71,75,1.54,US,1739629480
187,staraya russa,57.9944,31.3608,-6.5,85,100,1.22,RU,1739629482
188,watertown,42.3709,-71.1828,-2.99,53,75,3.6,US,1739629483
189,tukrah,32.5341,20.5791,17.7,44,3,5.14,LY,1739629484
190,campbell river,50.0163,-125.2446,1.92,100,100,3.6,CA,1739629485
191,happy valley-goose bay,53.3168,-60.3315,-6.83,93,100,5.66,CA,1739629486
192,hong kong,22.2855,114.1577,20.21,87,0,4.92,HK,1739629287
193,atkaracalar,40.8159,33.0756,3.93,73,90,1.61,TR,1739629488
194,al qusiyah,27.4402,30.8184,21.6,17,0,5.64,EG,1739629490
195,coquimbo,-29.9533,-71.3436,19.43,70,75,4.12,CL,1739629491
196,banda aceh,5.5577,95.3222,25.81,82,100,3.32,ID,1739629304
197,phongsali,21.6833,102.1058,15.01,41,0,0.91,LA,1739629493
198,baturaja,-4.1333,104.1667,23.66,99,98,0.86,ID,1739629366
199,fort st. john,56.2499,-120.8529,-27.06,83,40,1.03,CA,1739629379
200,esquel,-42.9,-71.3167,15.17,49,5,3.42,AR,1739629496
201,ekibastuz,51.6667,75.3667,-13.12,96,14,2.73,KZ,1739629497
202,pitimbu,-7.4706,-34.8086,29.04,65,14,5.63,BR,1739629499
203,coaticook,45.1334,-71.7991,-19.63,80,69,0.32,CA,1739629500
204,port douglas,-16.4833,145.4667,27.24,84,100,2.1,AU,1739629501
205,yeppoon,-23.1333,150.7333,25.62,88,54,2.25,AU,1739629502
206,labrador city,52.9463,-66.9114,-19.05,65,100,9.77,CA,1739629212
207,serdar,38.9764,56.2757,2.6,100,99,1.8,TM,1739629504
208,varena,54.2167,24.5667,-2.67,49,99,2.3,LT,1739629505
209,weno,7.4515,151.8468,22.97,94,100,3.09,FM,1739629506
210,hami,42.8,93.45,-0.56,42,0,2.86,CN,1739629508
211,vilhena,-12.7406,-60.1458,25.12,78,75,2.57,BR,1739629347
212,kuytun,54.3419,101.5036,-15.91,96,100,1.39,RU,1739629510
213,awjilah,29.1081,21.2869,21.12,18,0,4.25,LY,1739629511
214,kirensk,57.7853,108.1119,-13.67,98,100,1.48,RU,1739629512
215,sodo,6.8642,37.7628,25.87,24,100,1.94,ET,1739629513
216,mount pearl,47.5166,-52.7813,-6.14,81,100,15.95,CA,1739629514
217,turiacu,-1.6633,-45.3717,29.61,65,100,2.31,BR,1739629516
218,pimentel,-6.8367,-79.9342,25.16,78,0,7.2,PE,1739629517
219,dudinka,69.4058,86.1778,-30.77,99,99,1.93,RU,1739629518
220,moose jaw,50.4001,-105.5344,-21.86,84,100,1.03,CA,1739629519
221,lihue,21.9789,-159.3672,19.77,94,40,3.09,US,1739629520
222,igarka,67.4667,86.5833,-32.55,100,89,1.01,RU,1739629521
223,luimneach,52.6647,-8.6231,11.71,93,100,4.22,IE,1739629522
224,borkum,53.5809,6.6915,2.23,70,100,0.91,DE,1739629361
225,beyneu,45.3167,55.2,1.46,65,90,1.65,KZ,1739629524
226,kargasok,59.0556,80.8572,-11.94,97,98,2.91,RU,1739629526
227,wailua homesteads,22.0669,-159.378,19.44,94,40,3.09,US,1739629527
228,taltal,-25.4,-70.4833,21.71,80,79,1.56,CL,1739629528
229,abepura,-2.6333,140.5833,24.45,94,20,0.51,ID,1739629529
230,whitehorse,60.7161,-135.0538,-18.57,60,0,7.72,CA,1739629530
231,chenzhou,25.8,113.0333,8.6,93,88,1.47,CN,1739629531
232,olyokminsk,60.3736,120.4264,-22.65,100,98,0.7,RU,1739629532
233,kununurra,-15.7667,128.7333,25.99,94,75,0.0,AU,1739629534
234,xinzhi,36.4989,111.7047,3.86,33,45,2.67,CN,1739629535
235,sucre,-19.0333,-65.2627,17.14,57,62,2.27,BO,1739629536
236,amga,60.8953,131.9608,-33.43,100,94,0.2,RU,1739629537
237,necochea,-38.5473,-58.7368,25.04,47,0,2.97,AR,1739629538
238,trujillo,15.9167,-86.0,23.66,81,100,2.26,HN,1739629539
239,port-vila,-17.7338,168.3219,26.78,89,75,2.06,VU,1739629541
240,upington,-28.4478,21.2561,39.01,8,0,2.77,ZA,1739629542
241,berdigestyakh,62.0989,126.6992,-32.68,100,99,0.72,RU,1739629543
242,hasaki,35.7333,140.8333,13.05,76,100,9.62,JP,1739629544
243,sinabang,2.4803,96.3801,25.69,85,100,2.32,ID,1739629545
244,midar,34.9403,-3.5331,22.72,25,99,2.11,MA,1739629546
245,inhambane,-23.865,35.3833,28.99,61,75,5.14,MZ,1739629547
246,vammala,61.3333,22.9,-7.52,83,100,3.87,FI,1739629549
247,afaahiti,-17.75,-149.2833,26.86,72,62,3.39,PF,1739629550
248,rio grande,-53.7877,-67.7095,13.05,47,0,12.35,AR,1739629551
249,daru,-9.0763,143.2092,26.45,85,100,4.48,PG,1739629553
250,iskateley,67.6803,53.1512,-34.52,100,80,1.85,RU,1739629279
251,kenai,60.5544,-151.2583,-4.36,94,20,4.63,US,1739629555
252,saarijarvi,62.7049,25.254,-8.92,91,100,3.27,FI,1739629556
253,hovd,48.0056,91.6419,-18.16,100,75,1.26,MN,1739629557
254,wotho,10.1657,166.0102,26.29,71,100,5.21,MH,1739629559
255,novyy turtkul',41.55,61.0167,-0.22,78,100,3.25,UZ,1739629560
256,barclayville,4.6797,-8.2339,30.16,68,39,3.47,LR,1739629561
257,kholmsk,47.0511,142.0569,-5.68,62,86,5.69,RU,1739629562
258,khandyga,62.6667,135.6,-31.62,100,100,0.37,RU,1739629563
259,queenstown,-45.0302,168.6627,9.89,80,2,1.05,NZ,1739629564
260,longyearbyen,78.2186,15.6401,-10.09,73,20,4.63,SJ,1739629565
261,aioun,16.6614,-9.6149,35.68,16,63,2.51,MR,1739629566
262,biscarrosse,44.3945,-1.1672,15.97,55,0,6.17,FR,1739629567
263,thunder bay,48.4001,-89.3168,-14.01,66,100,3.6,CA,1739629297
264,farah,32.5,62.5,12.02,63,100,2.26,AF,1739629570
265,cradock,-32.1642,25.6192,30.07,22,0,6.82,ZA,1739629571
266,cidreira,-30.1811,-50.2056,26.32,75,23,6.65,BR,1739629572
267,ghadamis,30.1337,9.5007,20.06,23,17,4.39,LY,1739629573
268,alice springs,-23.7,133.8833,20.75,56,40,0.0,AU,1739629574
269,dampit,-8.2116,112.7493,22.04,99,100,1.49,ID,1739629575
270,klyuchi,52.2667,79.1667,-8.53,96,100,2.41,RU,1739629576
271,askoy,60.4092,5.226,0.16,64,0,2.06,NO,1739629578
272,uvinza,-5.1036,30.3911,22.48,90,100,0.76,TZ,1739629556
273,pisco,-13.7,-76.2167,22.03,94,75,3.09,PE,1739629580
274,we,-20.9169,167.2646,24.17,93,100,3.39,NC,1739629581
275,el nido,11.1858,119.3956,25.08,94,5,2.73,PH,1739629582
276,ciutadella,40.0011,3.8414,13.92,54,5,0.89,ES,1739629583
277,bubaque,11.2833,-15.8333,23.79,53,0,3.08,GW,1739629584
278,fraile pintado,-23.9408,-64.7994,33.02,45,100,1.0,AR,1739629585
279,sorong,-0.8833,131.25,27.02,83,100,1.67,ID,1739629586
280,mwinilunga,-11.7358,24.4293,22.38,85,100,2.0,ZM,1739629588
281,azrou,33.4344,-5.2213,17.0,28,100,3.13,MA,1739629589
282,binuangan,8.9153,124.7883,26.11,87,36,4.22,PH,1739629590
283,st. john's,47.5649,-52.7093,-5.68,76,100,15.95,CA,1739629574
284,sandnessjoen,66.0217,12.6316,-2.43,82,100,5.06,NO,1739629592
285,alaghsas,17.0187,8.0168,31.94,9,0,1.03,NE,1739629593
286,velikiy ustyug,60.7644,46.3106,-12.24,98,100,1.43,RU,1739629594
287,qulsary,46.9531,54.0198,0.03,60,2,3.84,KZ,1739629596
288,necocli,8.4234,-76.786,25.8,88,100,1.99,CO,1739629597
289,vilyuchinsk,52.9306,158.4028,3.15,89,99,2.86,RU,1739629598
290,gadzhiyevo,69.2551,33.3362,-8.15,96,100,2.87,RU,1739629599
291,howard springs,-12.497,131.047,26.95,96,100,2.57,AU,1739629600
292,qaqortoq,60.7167,-46.0333,3.73,51,100,11.67,GL,1739629601
293,pudozh,61.8099,36.5345,-12.23,98,99,1.42,RU,1739629602
294,la'ie,21.6477,-157.9253,21.14,80,3,4.0,US,1739629603
295,taksimo,56.3444,114.8794,-18.66,92,100,1.21,RU,1739629605
296,la ronge,55.1001,-105.2842,-29.86,76,75,3.09,CA,1739629606
297,taoudenni,22.6783,-3.9836,32.86,12,83,7.28,ML,1739629607
298,kill devil hills,36.0307,-75.676,8.01,77,0,6.17,US,1739629608
299,penafiel,41.6017,-4.1142,16.1,31,100,5.57,ES,1739629609
300,pailon,-17.65,-62.75,27.6,70,93,5.76,BO,1739629610
301,piti village,13.4626,144.6933,26.49,78,20,6.69,GU,1739629611
302,natal,-5.795,-35.2094,30.36,66,75,7.2,BR,1739629497
303,remire-montjoly,4.9167,-52.2667,29.02,74,75,8.23,GF,1739629614
304,lerwick,60.1545,-1.1494,4.67,57,100,8.29,GB,1739629615
305,razdol'noye,45.7708,33.4878,1.63,74,100,5.72,UA,1739629395
306,mthatha,-31.5889,28.7844,19.33,72,100,2.79,ZA,1739629617
307,aleksandrovsk-sakhalinskiy,50.8975,142.1561,-12.98,86,100,3.05,RU,1739629618
308,potosi,-19.5836,-65.7531,11.5,58,86,1.71,BO,1739629619
309,sao borja,-28.6606,-56.0044,32.19,45,100,4.65,BR,1739629620
310,hidalgo,20.5,-99.0,16.1,66,100,1.71,MX,1739629575
311,timbuktu,16.7735,-3.0074,36.54,8,84,4.46,ML,1739629623
312,hoopstad,-27.8327,25.9083,34.02,20,75,3.02,ZA,1739629624
313,dryden,49.7833,-92.7503,-25.84,76,0,2.57,CA,1739629625
314,anavyssos,37.7333,23.95,17.6,70,31,3.76,GR,1739629626
315,san antonio de pale,-1.4014,5.6325,28.27,73,38,2.75,GQ,1739629627
316,howrah,-42.8873,147.4055,11.03,75,40,8.23,AU,1739629629
317,greenville,5.0111,-9.0389,28.08,75,52,3.91,LR,1739629630
318,boa vista,2.8197,-60.6733,28.99,54,75,7.72,BR,1739629421
319,polyarnyy,69.1989,33.4478,-8.06,96,100,2.99,RU,1739629479
320,sumbawa besar,-8.5,117.4333,24.47,93,79,0.92,ID,1739629633
321,tafuna,-14.3358,-170.72,28.58,78,100,5.63,AS,1739629634
322,bel ombre,-4.6167,55.4167,25.91,83,75,7.2,SC,1739629635
323,lamu,-2.2717,40.902,27.38,73,55,8.19,KE,1739629636
324,garissa,-0.4536,39.6401,35.95,30,96,2.5,KE,1739629638
325,uzgen,40.7699,73.3007,-1.25,82,74,2.59,KG,1739629639
326,jinka,5.65,36.65,30.54,20,100,1.71,ET,1739629640
327,tsiombe,-25.3,45.4833,29.79,66,48,5.94,MG,1739629641
328,alofi,-19.0595,-169.9187,25.94,94,75,2.57,NU,1739629642
329,mirny,62.5353,113.9611,-30.33,100,97,0.95,RU,1739629643
330,tremp,42.167,0.8949,17.5,56,100,1.85,ES,1739629644
331,kapit,2.0167,112.9333,23.85,94,97,0.28,MY,1739629646
332,nouadhibou,20.931,-17.0347,21.99,68,1,8.75,MR,1739629647
333,puerto leguizamo,-0.1934,-74.7819,28.9,64,65,0.76,CO,1739629648
334,makokou,0.5738,12.8642,33.1,43,71,1.18,GA,1739629649
335,saint-francois,16.2526,-61.2741,27.98,66,0,9.53,GP,1739629650
336,harrisonville,38.6533,-94.3488,2.32,100,100,0.0,US,1739629651
337,zabol,31.0287,61.5012,15.99,55,75,0.0,IR,1739629653
338,tomaszow mazowiecki,51.5313,20.0086,-1.05,50,100,4.43,PL,1739629654
339,black river,18.0264,-77.8487,27.08,62,2,6.52,JM,1739629655
340,baruun-urt,46.6806,113.2792,-15.36,76,41,4.14,MN,1739629656
341,mossendjo,-2.9506,12.7261,28.63,70,100,0.78,CG,1739629657
342,barah,13.7,30.3667,33.4,13,12,5.58,SD,1739629658
343,hampton bays,40.869,-72.5176,-1.75,62,100,3.09,US,1739629659
344,cannonvale,-20.2833,148.7,27.66,92,19,5.69,AU,1739629660
345,arawa,-6.2132,155.5367,25.99,90,100,2.41,PG,1739629662
346,pandan,14.0453,124.1694,25.71,91,100,3.95,PH,1739629663
347,sao jose do belmonte,-7.8614,-38.7597,33.05,25,7,3.54,BR,1739629664
348,hammerfest,70.6634,23.6821,-2.75,80,75,4.12,NO,1739629665
349,carlos a. carrillo,18.3667,-95.75,21.5,86,100,0.92,MX,1739629633
350,rabigh,22.7986,39.0349,22.99,75,100,0.9,SA,1739629667
351,sao lourenco da mata,-8.0022,-35.0183,30.69,70,40,6.17,BR,1739629596
352,vadso,70.0744,29.7487,-4.91,80,40,6.17,NO,1739629669
353,hulan,45.9833,126.6,-7.64,97,100,1.94,CN,1739629671
354,novyy urengoy,66.0833,76.6333,-29.32,100,79,1.35,RU,1739629455
355,la sarre,48.8002,-79.1996,-11.35,94,100,1.81,CA,1739629673
356,yaren,-0.5472,166.916,27.21,78,36,4.1,NR,1739629674
357,pocone,-16.2567,-56.6228,29.9,58,85,2.67,BR,1739629675
358,barra de santo antonio,-9.4047,-35.5072,28.59,66,9,4.73,BR,1739629676
359,vilyuysk,63.7553,121.6247,-25.73,100,97,0.74,RU,1739629678
360,padang,-0.9492,100.3543,29.03,88,100,1.01,ID,1739629679
361,turpan,42.9333,89.1667,2.79,28,0,1.28,CN,1739629680
362,new plymouth,-39.0667,174.0833,18.78,100,100,3.63,NZ,1739629681
363,abha,18.2164,42.5053,18.14,52,20,4.63,SA,1739629682
364,praya,-8.7054,116.2704,26.92,94,20,1.03,ID,1739629683
365,fale old settlement,-9.3852,-171.2468,28.15,69,95,4.59,TK,1739629684
366,san juan nepomuceno,-26.1,-55.9667,33.25,49,68,2.51,PY,1739629686
367,manokwari,-0.8667,134.0833,27.09,82,100,1.2,ID,1739629687
368,touros,-5.1989,-35.4608,30.38,60,100,6.6,BR,1739629438
369,chonchi,-42.6128,-73.8092,13.4,59,61,2.53,CL,1739629689
370,ketchikan,55.3422,-131.6461,2.26,48,100,2.57,US,1739629690
371,parham,17.0968,-61.7705,26.69,69,6,10.02,AG,1739629691
372,mejit,10.2753,170.8646,26.1,68,97,3.84,MH,1739629692
373,seguin,29.5688,-97.9647,11.28,97,100,3.09,US,1739629455
374,zlatoust,55.1711,59.6508,-12.23,95,100,1.25,RU,1739629695
375,dwarka,22.2394,68.9678,24.37,71,0,4.47,IN,1739629696
376,beruniy,41.6911,60.7525,-0.02,86,100,3.09,UZ,1739629697
377,hirara,24.8,125.2833,21.92,100,100,5.14,JP,1739629698
378,cooma,-36.2333,149.1333,5.63,67,42,4.02,AU,1739629699
379,ronda,36.7423,-5.1671,18.74,42,100,2.44,ES,1739629700
380,new norfolk,-42.7826,147.0587,9.4,81,12,1.58,AU,1739629701
381,acajutla,13.5928,-89.8275,27.48,57,97,1.14,SV,1739629703
382,zaozersk,69.4005,32.4476,-5.85,94,100,1.32,RU,1739629704
383,ambovombe,-25.1667,46.0833,28.92,71,60,6.43,MG,1739629705
384,sochi,43.6,39.7303,9.05,68,100,5.27,RU,1739629706
385,saldanha,-33.0117,17.9442,20.92,76,24,10.86,ZA,1739629707
386,pacific grove,36.6177,-121.9166,6.47,91,0,2.57,US,1739629708
387,ulanhot,46.0833,122.0833,-10.71,91,45,3.23,CN,1739629709
388,asaita,11.5636,41.4394,35.16,20,11,4.8,ET,1739629710
389,kalavai,12.7703,79.42,23.72,67,82,3.76,IN,1739629711
390,hilo,19.7297,-155.09,20.83,98,100,3.6,US,1739629713
391,chachapoyas,-6.2317,-77.869,15.88,81,78,1.4,PE,1739629714
392,revda,56.801,59.9303,-13.23,97,100,1.72,RU,1739629715
393,imperatriz,-5.5264,-47.4917,27.03,78,75,1.54,BR,1739629613
394,mae ramat,16.984,98.5166,20.74,48,0,0.38,TH,1739629717
395,dul'durga,50.6761,113.5931,-14.36,79,69,5.62,RU,1739629718
396,kahuta,33.5913,73.3868,14.71,26,10,1.74,PK,1739629719
397,holualoa,19.6228,-155.9522,19.35,50,0,2.06,US,1739629720
398,kitimat,54.0524,-128.6534,-5.05,59,100,0.45,CA,1739629722
399,lekki,6.3607,4.8333,36.69,38,91,3.29,NG,1739629723
400,vila velha,-20.3297,-40.2925,32.97,46,20,6.69,BR,1739629724
401,katsuura,35.1333,140.3,13.23,76,95,5.86,JP,1739629725
402,porto murtinho,-21.6989,-57.8825,34.46,39,37,3.49,BR,1739629726
403,nemuro,43.3236,145.575,-3.15,75,28,5.06,JP,1739629727
404,nogliki,51.8333,143.1667,-13.43,83,100,7.44,RU,1739629728
405,volodymyr-volynskyi,50.8525,24.3236,-1.86,56,100,3.7,UA,1739629730
406,ostrov,57.3439,28.3537,-6.27,81,100,2.15,RU,1739629731
407,ulladulla,-35.35,150.4667,13.87,82,72,6.03,AU,1739629732
408,bonthe,7.5264,-12.505,31.26,52,59,4.91,SL,1739629733
409,nadi,-17.8,177.4167,25.0,94,75,0.0,FJ,1739629734
410,sarupathar,26.1984,93.8094,16.8,51,2,1.1,IN,1739629735
411,tamanrasset,22.785,5.5228,23.95,5,0,7.2,DZ,1739629736
412,pingzhuang,42.0372,119.2889,-2.98,44,8,8.47,CN,1739629737
413,comayagua,14.45,-87.6333,22.84,71,79,1.41,HN,1739629539
414,yambio,4.5721,28.3955,37.26,20,100,1.15,SS,1739629740
415,cestos city,5.46,-9.5828,28.96,74,36,4.7,LR,1739629741
416,sferracavallo,42.726,12.0956,9.33,70,6,2.68,IT,1739629742
417,vytegra,61.0064,36.4481,-11.55,99,100,1.33,RU,1739629743
418,fortaleza,-3.7227,-38.5247,31.07,66,75,8.75,BR,1739629744
419,bonga,7.2833,36.2333,24.65,42,100,1.28,ET,1739629745
420,soe,-9.8607,124.284,20.13,96,100,0.9,ID,1739629746
421,port lincoln,-34.7333,135.8667,15.75,61,46,5.76,AU,1739629748
422,aripuana,-9.1667,-60.6333,22.65,99,100,0.44,BR,1739629749
423,bayanhongor,46.7167,100.1167,-26.95,80,1,2.12,MN,1739629750
424,n'zeto,-7.2312,12.8666,29.56,73,87,5.37,AO,1739629751
425,luocheng,29.3848,104.0286,10.83,70,100,1.78,CN,1739629752
426,statesboro,32.4488,-81.7832,11.74,84,100,1.54,US,1739629753
427,vila do maio,15.1333,-23.2167,20.99,71,100,7.93,CV,1739629754
428,nizhniy odes,63.6445,54.856,-15.45,94,100,3.25,RU,1739629755
429,balzar,-1.3667,-79.9,23.3,96,100,1.66,EC,1739629757
430,kulmbach,50.1,11.45,1.96,66,38,0.45,DE,1739629758
431,konarka,19.9,86.1167,24.02,68,3,4.33,IN,1739629759
432,sangolqui,-0.3341,-78.4522,13.27,89,96,0.33,EC,1739629760
433,luena,-11.7833,19.9167,21.57,87,100,2.43,AO,1739629761
434,lagoa,-27.6049,-48.4671,31.23,76,20,2.06,BR,1739629762
435,broken hill,-31.95,141.4333,15.74,38,0,10.47,AU,1739629763
436,namsos,64.4662,11.4957,-6.05,73,20,1.03,NO,1739629764
437,frontera,26.9333,-101.45,11.86,66,75,0.0,MX,1739629765
438,melekeok village,7.4957,134.6367,26.31,89,75,6.17,PW,1739629767
439,mar del plata,-38.0023,-57.5575,25.29,75,40,7.2,AR,1739629768
440,harstad,68.799,16.5293,-1.03,87,100,4.92,NO,1739629769
441,santa ana,15.0955,120.767,26.83,92,100,2.1,PH,1739629770
442,cajamarca,-7.1638,-78.5003,15.04,67,40,1.03,PE,1739629771
443,richards bay,-28.783,32.0377,26.52,71,78,4.25,ZA,1739629772
444,botucatu,-22.8858,-48.445,28.05,54,3,2.32,BR,1739629491
445,portrush,55.1959,-6.6493,6.94,72,100,3.13,GB,1739629774
446,aral,40.5156,81.2636,0.36,30,100,2.5,CN,1739629776
447,bunia,1.5667,30.25,29.41,34,68,2.68,CD,1739629777
448,ulan bator,47.9077,106.8832,-22.93,77,0,2.0,MN,1739629539
449,eagle mountain,40.3141,-112.0069,0.48,80,96,4.92,US,1739629779
450,juneau,58.3019,-134.4197,-4.0,46,100,6.17,US,1739629754
451,calama,-22.4667,-68.9333,15.27,72,0,3.09,CL,1739629781
452,safonovo,55.15,33.2167,-7.42,65,100,3.15,RU,1739629782
453,livingston,40.7959,-74.3149,-0.47,52,75,3.6,US,1739629783
454,nizhnevartovsk,60.9344,76.5531,-23.99,77,0,2.0,RU,1739629784
455,fisterra,42.9049,-9.2629,14.31,72,100,12.13,ES,1739629786
456,glendive,47.1053,-104.7125,-18.21,78,100,3.09,US,1739629787
457,kapuskasing,49.4169,-82.4331,-16.95,85,100,3.6,CA,1739629788
458,nabire,-3.3667,135.4833,26.19,88,100,1.17,ID,1739629789
459,santa cruz,-34.6333,-71.3667,20.96,33,4,2.18,CL,1739629790
460,nagqu,31.5,92.0,-4.96,24,100,2.02,CN,1739629792
461,nar'yan-mar,67.6713,53.087,-34.46,100,82,1.91,RU,1739629793
462,itoman,26.1247,127.6694,20.22,94,100,4.12,JP,1739629794
463,badagry,6.4167,2.8833,30.88,64,99,5.4,NG,1739629795
464,dunedin,-45.8742,170.5036,14.89,99,10,2.19,NZ,1739629796
465,vorgashor,67.5833,63.95,-31.53,98,28,1.66,RU,1739629797
466,santana,32.8,-16.8833,16.67,55,20,5.66,PT,1739629798
467,guajara mirim,-10.7828,-65.3394,29.09,74,40,4.12,BR,1739629799
468,bam,29.106,58.357,13.92,46,59,4.15,IR,1739629801
469,laguna,-28.4825,-48.7808,26.43,78,5,6.16,BR,1739629802
470,pollenca,39.8768,3.0163,17.66,63,9,3.56,ES,1739629803
471,enewetak,11.3474,162.3373,26.67,75,74,5.83,MH,1739629804
472,strezhevoy,60.7333,77.5889,-20.74,96,100,2.56,RU,1739629805
473,tripoli,32.8752,13.1875,19.25,46,0,5.49,LY,1739629806
474,filey,54.21,-0.2892,4.41,34,100,1.79,GB,1739629807
475,ulsteinvik,62.3432,5.8487,1.28,44,0,0.89,NO,1739629809
476,vila franca do campo,37.7167,-25.4333,15.23,78,100,7.09,PT,1739629810
477,san mariano,7.5,126.0,22.42,94,57,0.86,PH,1739629811
478,sakaiminato,35.55,133.2333,6.99,76,75,3.6,JP,1739629812
479,likasi,-10.9814,26.7333,22.68,89,100,0.8,CD,1739629813
480,slaton,33.4373,-101.6435,10.21,47,1,6.03,US,1739629814
481,beihai,21.4833,109.1,18.39,83,78,5.0,CN,1739629815
482,dadeldhura,29.2984,80.5806,8.93,50,0,1.32,NP,1739629817
483,paradip garh,20.3167,86.6167,23.25,75,0,4.1,IN,1739629818
484,charters towers,-20.1,146.2667,28.07,49,28,3.03,AU,1739629819
485,al bayda,13.9852,45.5727,16.75,42,6,5.43,YE,1739629820
486,tolanaro,-25.0319,46.9987,30.04,74,40,8.23,MG,1739629821
487,adrar,25.75,-1.0,26.58,12,3,5.47,DZ,1739629822
488,dawei,14.0833,98.2,21.97,85,3,1.94,MM,1739629823
489,marijampole,54.5667,23.35,-3.06,80,100,1.0,LT,1739629824
490,port hedland,-20.3167,118.5667,23.03,100,100,3.6,AU,1739629826
491,nahrin,36.0649,69.1334,8.85,58,49,1.22,AF,1739629774
492,padangsidempuan,1.3667,99.2667,22.35,99,100,0.89,ID,1739629828
493,ad dabbah,18.05,30.95,27.28,7,0,6.28,SD,1739629829
494,kalianget,-7.05,113.9333,25.94,88,82,1.99,ID,1739629830
495,kerikeri,-35.2268,173.9474,17.73,91,83,3.17,NZ,1739629831
496,morehead city,34.7229,-76.726,13.9,79,0,2.06,US,1739629621
497,sarangani,5.4033,125.4636,27.77,78,60,9.17,PH,1739629833
498,kukuna,9.4,-12.6667,39.78,21,13,0.65,SL,1739629835
499,wanning,18.8003,110.3967,21.62,94,78,2.6,CN,1739629836
500,vershino-darasunskiy,52.35,115.5167,-18.67,95,100,1.77,RU,1739629837
501,tzaneen,-23.8332,30.1635,20.26,95,100,0.84,ZA,1739629838
502,arraial do cabo,-22.9661,-42.0278,31.98,55,0,6.69,BR,1739629738
503,moshi,-3.35,37.3333,28.47,47,93,3.95,TZ,1739629840
504,suhbaatar,50.2314,106.2078,-22.65,100,41,0.25,MN,1739629841
505,sisimiut,66.9395,-53.6735,-5.12,68,15,4.09,GL,1739629843
506,rafsanjan,30.4067,55.9939,13.87,41,100,3.42,IR,1739629844
507,mamonovo,54.4643,19.938,-1.15,68,100,5.42,RU,1739629845
508,glubokoye,50.1456,82.3114,-9.14,79,75,2.0,KZ,1739629846
509,burang,30.25,81.1667,-16.58,100,73,1.38,CN,1739629847
510,hoi an,15.8794,108.335,23.98,93,91,2.23,VN,1739629848
511,cabedelo,-6.9811,-34.8339,31.37,63,42,6.09,BR,1739629850
512,cocieri,47.3075,29.1103,-0.68,55,87,3.66,MD,1739629851
513,iquitos,-3.7481,-73.2472,28.02,78,40,2.57,PE,1739629621
514,borujen,31.9652,51.2873,3.75,32,15,2.51,IR,1739629853
515,malandag,6.3094,125.2428,23.58,88,25,2.15,PH,1739629854
516,syktyvkar,61.6764,50.8099,-11.15,92,75,4.0,RU,1739629855
517,trairi,-3.2778,-39.2689,30.21,62,88,5.09,BR,1739629825
518,kikwit,-5.041,18.8162,31.9,50,85,1.08,CD,1739629858
519,agat village,13.3886,144.6585,26.52,82,20,6.69,GU,1739629859
520,kluczbork,50.9728,18.2182,-1.05,60,99,3.05,PL,1739629860
521,san martin de los andes,-40.1604,-71.3486,18.22,28,41,3.79,AR,1739629861
522,luanda,-8.8368,13.2343,28.59,74,83,7.33,AO,1739629862
523,chernyshevskiy,63.0128,112.4714,-33.61,100,99,0.25,RU,1739629863
524,pasni,25.2631,63.471,23.84,71,0,9.09,PK,1739629865
525,namibe,-15.1961,12.1522,26.06,74,95,5.02,AO,1739629866
526,palmer,42.1584,-72.3287,-2.6,57,100,1.36,US,1739629867
527,bowen,-20.0167,148.2333,27.52,92,29,4.98,AU,1739629868
528,freeport,40.6576,-73.5832,0.55,58,75,3.6,US,1739629869
529,logten,56.2746,10.3118,0.73,95,100,4.12,DK,1739629870
530,kimbe,-5.5502,150.1429,25.7,86,100,1.23,PG,1739629871
531,kermanshah,34.3142,47.065,10.5,19,0,2.06,IR,1739629872
532,zapata,26.9073,-99.2714,14.06,100,100,2.57,US,1739629874
533,chulym,55.0997,80.9572,-9.45,96,100,3.2,RU,1739629875
534,arkalyk,50.2486,66.9114,-13.35,100,100,1.94,KZ,1739629876
535,hadibu,12.65,54.0333,24.04,72,8,1.46,YE,1739629877
536,tisul',55.7611,88.3122,-14.66,96,99,1.76,RU,1739629878
537,bechar,31.6167,-2.2167,24.18,12,0,3.09,DZ,1739629879
538,brookings,44.3114,-96.7984,-14.75,85,100,8.23,US,1739629797
539,punta del este,-34.9667,-54.95,27.06,68,75,5.14,UY,1739629882
540,change,47.985,0.2833,7.98,49,0,4.63,FR,1739629883
541,minas de marcona,-15.2119,-75.1103,22.24,68,99,2.74,PE,1739629884
542,kara-balta,42.8142,73.8481,-2.51,77,97,1.44,KG,1739629885
543,port saint john's,-31.6229,29.5448,23.17,75,99,1.44,ZA,1739629887
544,gebeit,21.0667,36.3167,26.99,27,0,5.47,SD,1739629608
545,korla,41.7597,86.1469,-1.89,50,0,0.75,CN,1739629890
546,oltinko'l,40.8011,72.1634,5.91,52,100,2.66,UZ,1739629891
547,antigonish,45.6169,-61.9986,-10.9,70,19,5.36,CA,1739629732
548,seguela,7.9611,-6.6731,37.68,22,51,2.76,CI,1739629894
549,mawu,34.4307,104.9176,-3.4,43,99,0.39,CN,1739629895
550,vihti,60.417,24.3197,-5.95,70,96,3.13,FI,1739629896
551,sukhinichi,54.0999,35.3425,-8.56,76,100,3.08,RU,1739629897
552,basco,20.4487,121.9702,24.86,91,6,6.76,PH,1739629899
553,waingapu,-9.6567,120.2641,26.74,81,98,2.25,ID,1739629900
554,country club estates,31.2127,-81.4643,17.03,88,100,2.57,US,1739629901
555,kuala belait,4.5833,114.1833,25.24,81,74,1.48,BN,1739629903
556,al jawf,24.1989,23.2909,21.76,13,0,6.95,LY,1739629904
557,dashitou,43.3067,128.5114,-4.5,79,7,2.87,CN,1739629905
558,pyu,18.4833,96.4333,22.85,41,0,1.65,MM,1739629906
559,valdovino,43.6094,-8.1115,15.49,67,98,2.02,ES,1739629907
560,bratsk,56.1325,101.6142,-16.73,96,99,2.25,RU,1739629908
561,xilin hot,43.9667,116.0333,-12.5,56,0,2.86,CN,1739629909
562,hoemul-li,41.4339,129.67,-0.18,62,1,2.17,KP,1739629911
563,berezovyy,51.6667,135.7,-22.55,93,4,1.98,RU,1739629912
564,saynshand,44.8824,110.1163,-12.18,61,22,0.33,MN,1739629913
565,suoyarvi,62.0833,32.35,-11.02,98,99,1.65,RU,1739629914
566,itagiba,-14.2836,-39.8428,33.43,38,22,1.34,BR,1739629915
567,saint-philippe,-21.3585,55.7679,28.05,81,66,1.5,RE,1739629917
568,kharp,66.8014,65.8081,-29.26,99,81,1.36,RU,1739629918
569,shenjiamen,29.9576,122.298,7.12,92,89,4.18,CN,1739629919
570,laojunmiao,39.8333,97.7333,-6.23,39,0,2.19,CN,1739629920
571,porto belo,-27.1578,-48.5531,30.54,78,9,3.34,BR,1739629921
572,takoradi,4.8845,-1.7554,29.32,71,68,4.65,GH,1739629922
573,posto fiscal rolim de moura,-13.0833,-62.2667,28.28,68,92,1.53,BR,1739629923
574,kindu,-2.95,25.95,30.44,52,100,1.38,CD,1739629924
575,suvorov,54.1223,36.4966,-8.26,70,100,2.78,RU,1739629925
576,ar rass,25.8694,43.4973,17.52,63,99,7.44,SA,1739629927
577,man,7.4125,-7.5538,34.03,36,81,1.91,CI,1739629928
578,tazacorte,28.629,-17.9293,20.54,85,20,3.58,ES,1739629929
579,el sauzal de rodriguez,31.9,-116.6833,10.32,73,55,1.81,MX,1739629930
580,taikang,46.8333,124.4167,-9.58,94,90,4.25,CN,1739629931
581,tvoroyri,61.5556,-6.8111,5.49,70,100,12.12,FO,1739629932
582,tonghua,41.7201,125.9219,-12.47,98,32,0.79,CN,1739629933
583,chela,-12.4667,15.45,24.59,59,98,3.48,AO,1739629935
584,santiago de cao,-7.9589,-79.2392,22.07,88,83,4.12,PE,1739629936
585,jiuquan,39.7432,98.5174,-2.64,38,0,2.25,CN,1739629937
586,sangueya,10.7,-14.3667,36.69,20,4,3.83,GN,1739629938
587,caykara,40.7548,40.2355,1.69,58,37,5.86,TR,1739629939
588,susuman,62.7833,148.1667,-23.28,94,99,1.74,RU,1739629941
589,kavaratti,10.5669,72.642,28.08,68,40,2.8,IN,1739629942
590,tofol,5.3248,163.0078,28.07,73,68,6.77,FM,1739629943
591,afif,23.9065,42.9172,21.11,50,100,6.16,SA,1739629944
